525,500000,01/12/2022,1025,-,-,-,1
771,500000,01/12/2022,1413,382,-,-,0
1360,500000,01/12/2022,357,-,-,-,1
910,200000,01/12/2022,1419,-,-,-,1
1938,400000,01/12/2022,1384,-,-,-,0
2106,1000000,01/12/2022,262,-,-,-,0
1836,600000,01/12/2022,-,-,-,-,0
845,1500000,01/12/2022,012,192,1328,1930,1
1907,500000,01/12/2022,223,1588,040,-,0
545,500000,01/12/2022,2182,506,2254,-,0
014,1000000,01/12/2022,015,853,2055,040,1
1223,200000,01/12/2022,708,-,-,-,0
1617,400000,01/12/2022,1004,1616,142,-,0
1635,350000,01/12/2022,536,1221,822,-,0
1046,1000000,01/12/2022,1013,040,1012,-,1
118,400000,01/12/2022,1058,-,-,-,1
1881,1000000,01/12/2022,1650,1469,-,-,1
479,1075000,01/12/2022,826,135,926,593,1
2077,1200000,01/12/2022,1151,-,-,-,1
2148,1300000,01/12/2022,112,262,-,-,0
1937,340000,01/12/2022,2153,2154,613,2156,0
1839,250000,01/12/2022,121,-,-,-,0
816,300000,01/12/2022,1043,346,-,-,1
881,500000,01/12/2022,107,1083,041,-,1
745,480000,01/12/2022,1381,1016,-,-,1
917,2500000,01/12/2022,1810,016,-,-,1
898,3345000,01/12/2022,016,520,1389,1016,1
1765,1100000,01/12/2022,2055,826,926,-,0
1955,600000,01/12/2022,1087,-,-,-,0
2133,187000,01/12/2022,2151,1100,-,-,1
2231,120000,01/12/2022,798,1840,127,-,0
1309,600000,01/12/2022,2375,028,-,-,1
1226,220000,01/12/2022,1132,-,-,-,1
383,600000,01/12/2022,142,-,-,-,1
1497,200000,01/12/2022,082,083,-,-,1
1125,280000,01/12/2022,2220,2127,2128,-,1
1983,350000,01/12/2022,1903,1726,-,-,1
388,120000,01/12/2022,253,2223,-,-,0
1029,500000,01/12/2022,1217,1823,-,-,0
2175,100000,01/12/2022,593,1057,-,-,1
1381,6000000,01/12/2022,1787,2026,1429,1380,0
1760,2000000,01/12/2022,-,-,-,-,0
703,1000000,01/12/2022,-,-,-,-,1
755,300000,01/12/2022,-,-,-,-,1
814,400000,01/12/2022,614,-,-,-,1
1719,70000,01/12/2022,-,-,-,-,1
883,500000,01/12/2022,-,-,-,-,0
2085,1500000,01/12/2022,-,-,-,-,0
2184,900000,01/12/2022,-,-,-,-,0
2141,275000,01/12/2022,-,-,-,-,1
411,3000000,01/12/2022,1823,169,017,-,1
132,700000,01/12/2022,878,-,-,-,1
653,20000,01/12/2022,-,-,-,-,0
1557,800000,01/12/2022,-,-,-,-,
1707,150000,01/12/2022,-,-,-,-,1
1507,2000000,01/12/2022,582,1459,-,-,
058,3500000,01/12/2022,1173,1148,-,-,1
1302,160000,01/12/2022,1294,1660,1419,-,1
1514,300000,01/12/2022,1648,941,-,-,1
200,2000000,01/12/2022,017,025,-,-,0
1016,500000,01/12/2022,966,1389,-,-,0
924,1500000,01/12/2022,894,2178,-,-,1
002,9000000,01/12/2022,003,805,017,040,0
1102,200000,01/12/2022,146,-,-,-,0
1775,370000,01/12/2022,1877,-,-,-,1
078,1500000,01/12/2022,2317,2016,1892,496,1
171,1100000,01/12/2022,012,040,-,-,1
260,800000,01/12/2022,839,099,2365,040,0
1928,180000,01/12/2022,-,-,-,-,1
540,6000000,01/12/2022,-,-,-,-,1
1243,800000,01/12/2022,-,-,-,-,0
439,500000,01/01/2023,-,-,-,-,1
1133,2000000,01/01/2023,028,1571,-,-,1
212,900000,01/01/2023,855,1490,-,-,1
977,400000,01/01/2023,539,1895,,,1
1495,100000,01/01/2023,1257,385,-,-,1
1683,400000,01/01/2023,-,-,-,-,1
1419,320000,01/01/2023,1358,582,-,-,0
382,1200000,01/01/2023,1193,1413,701,-,1
1795,940000,01/01/2023,1849,-,-,-,1
187,1000000,01/01/2023,030,1115,579,-,1
1499,2000000,01/01/2023,-,-,-,-,1
012,200000,01/01/2023,-,-,-,-,0
1705,130000,01/01/2023,-,-,-,-,1
057,600000,01/01/2023,050,-,-,-,1
135,100000,01/01/2023,-,-,-,-,1
1810,400000,01/01/2023,-,-,-,-,0
2122,600000,01/01/2023,253,-,-,-,0
1073,200000,01/01/2023,-,,-,-,0
1296,100000,01/02/2023,1254,-,-,-,0
1049,500000,01/02/2023,736,2225,142,-,1
693,200000,01/02/2023,2046,040,-,-,1
1089,200000,01/02/2023,1850,1044,-,-,1
1199,98000,01/02/2023,12000,-,-,-,0
1349,5000000,01/02/2023,750,-,-,-,1
415,1500000,01/02/2023,802,-,-,-,1
1459,2500000,01/02/2023,786,1081,1470,-,1
357,350000,01/02/2023,-,-,-,-,1
154,10000000,01/02/2023,156,025,028,456,0
218,400000,01/02/2023,404,622,1113,81,1
1032,1000000,01/02/2023,571,-,-,-,1
138,500000,01/02/2023,1087,-,-,-,1
1409,145000,01/02/2023,1,-,-,-,1
1933,150000,01/02/2023,1927,514,-,-,0
1777,200000,01/02/2023,1070,-,-,-,1
2281,400000,01/02/2023,864,-,-,-,1
1132,300000,01/02/2023,876,040,473,-,1
535,200000,01/02/2023,396,1804,2019,-,1
1025,960000,01/02/2023,2037,1151,-,-,1
827,250000,01/02/2023,2050,707,-,-,0
141,700000,01/02/2023,697,-,-,-,1
1270,900000,01/02/2023,337,815,-,-,1
2080,350000,01/02/2023,1651,1316,2355,-,1
653,300000,01/02/2023,823,-,-,-,1
201,100000,01/02/2023,131,-,-,-,0
2282,940000,01/02/2023,1967,-,-,-,1
1148,3400000,01/02/2023,278,-,-,-,1
1919,1050000,01/02/2023,-,-,-,-,1
025,200000,01/02/2023,-,-,-,-,0
1345,1400000,01/02/2023,-,-,-,-,0
897,1100000,01/02/2023,1524,146,-,-,0
2171,100000,01/02/2023,040,-,-,-,1
882,6000000,01/02/2023,1441,-,-,-,0
690,400000,01/02/2023,735,071,-,-,1
1136,150000,01/02/2023,655,-,-,-,1
099,300000,01/02/2023,087,900,1094,-,0
1986,300000,01/02/2023,037,496,-,-,1
822,150000,01/02/2023,-,-,-,-,0
855,500000,01/02/2023,-,-,-,-,1
963,120000,01/02/2023,-,-,-,-,0
1976,200000,01/02/2023,-,-,-,-,1
443,200000,01/02/2023,-,-,-,-,0
262,4000000,01/02/2023,-,-,-,-,0
404,300000,01/02/2023,-,-,-,-,1
802,5000000,01/03/2023,802,697,1073,-,1
1196,85000,01/03/2023,877,2012,-,-,1
1153,800000,01/03/2023,988,502,-,-,0
904,850000,01/03/2023,1751,-,-,-,0
2119,300000,01/03/2023,1571,-,-,-,1
071,390000,01/03/2023,142,040,-,-,0
2157,200000,01/03/2023,2298,-,-,-,0
2235,60000,01/03/2023,023,-,-,-,1
1996,300000,01/03/2023,868,-,-,-,0
2154,200000,01/03/2023,2153,2156,-,-,1
593,1300000,01/03/2023,825,192,1043,677,0
837,400000,01/03/2023,2354,1287,206,-,0
368,500000,01/03/2023,812,-,-,-,1
338,510000,01/03/2023,142,-,-,-,0
721,600000,01/03/2023,720,040,-,-,1
1405,590000,01/03/2023,2354,1739,1369,1982,1
1907,500000,01/03/2023,223,1256,040,-,0
2183,110000,01/03/2023,835,893,262,112,1
109,4000000,01/03/2023,263,112,-,-,0
817,500000,01/03/2023,914,908,-,-,0
714,225000,01/03/2023,-,-,-,-,1
1732,500000,01/03/2023,-,-,-,-,1
1584,220000,01/03/2023,-,-,-,-,1
2289,700000,01/03/2023,-,-,-,-,1
2277,190000,01/03/2023,-,-,-,-,1
1711,60000,01/03/2023,-,-,-,-,1
1880,60000,01/03/2023,-,-,-,-,1
1452,100000,01/03/2023,-,-,-,-,0
2116,40000,01/03/2023,-,-,-,-,0
1706,300000,01/03/2023,-,-,-,-,1
1073,250000,01/03/2023,-,-,-,-,0
016,1000000,01/03/2023,-,-,-,-,0
195,280000,01/03/2023,-,-,-,-,0
001,500000,01/03/2023,-,-,-,-,1
2499,30000,01/03/2023,-,-,-,-,0
1588,200000,01/03/2023,-,-,-,-,1
2328,60000,01/03/2023,-,-,-,-,0
2161,40000,01/03/2023,-,-,-,-,1
620,450000,01/03/2023,1914,869,040,-,1
1461,140000,01/03/2023,-,-,-,-,1
1037,30000,01/03/2023,-,-,-,-,0
1927,230000,01/04/2023,142,-,-,-,1
889,7500000,01/04/2023,1694,1401,-,-,1
2220,650000,01/04/2023,047,1125,-,-,1
959,1200000,01/04/2023,956,-,-,-,1
692,2200000,01/04/2023,-,-,-,-,1
2076,440000,01/04/2023,2073,2203,1753,-,1
494,400000,01/04/2023,1314,1550,-,-,1
2213,100000,01/04/2023,1820,-,-,-,1
1857,320000,01/04/2023,2140,2433,-,-,1
1042,135000,01/04/2023,249,2218,429,2074,1
1272,235000,01/04/2023,545,193,430,-,1
1571,700000,01/04/2023,028,1490,-,-,1
2345,40000,01/04/2023,-,-,-,-,1
786,1000000,01/04/2023,1529,1035,516,-,1
1684,300000,01/04/2023,697,-,-,-,0
536,400000,01/04/2023,759,1124,194,1876,0
1932,1900000,01/04/2023,668,2307,2308,396,1
574,500000,01/04/2023,396,544,1157,1351,1
446,450000,01/04/2023,145,-,-,-,1
2147,280000,01/04/2023,1026,2292,-,-,1
676,3000000,01/04/2023,531,1699,1847,2560,1
718,1600000,01/04/2023,963,1052,877,-,1
1037,700000,01/04/2023,-,-,-,-,1
192,400000,01/04/2023,2134,845,769,926,1
571,450000,01/04/2023,1547,790,-,-,1
181,1500000,01/04/2023,182,1613,949,-,1
927,1000000,01/04/2023,614,249,-,-,1
1041,95000,01/04/2023,481,-,-,-,0
823,550000,01/04/2023,873,1201,731,653,0
333,12000000,01/04/2023,040,249,1084,727,1
1659,2700000,01/04/2023,724,-,-,-,1
2127,1800000,01/04/2023,-,-,-,-,1
659,37000,01/04/2023,37,-,-,-,1
617,300000,01/04/2023,-,-,-,-,1
963,60000,01/04/2023,-,-,-,-,0
315,200000,01/04/2023,-,-,-,-,1
1094,110000,01/04/2023,-,-,-,-,1
2194,80000,01/04/2023,-,-,-,-,1
40,300000,01/04/2023,-,-,-,-,1
131,400000,01/04/2023,-,-,-,-,0
1841,500000,01/04/2023,1841,-,-,-,1
502,1500000,01/04/2023,792,1300,-,-,1
182,250000,01/04/2023,182,-,-,-,0
026,1700000,01/04/2023,25,-,-,-,1
1023,90000,01/04/2023,-,-,-,-,1
390,200000,01/04/2023,2466,389,-,-,1
1316,225000,01/04/2023,-,-,-,-,1
827,1300000,01/05/2023,017,-,-,-,1
1447,550000,01/05/2023,131,-,-,-,0
1786,450000,01/05/2023,-,-,-,-,1
004,300000,01/05/2023,001,-,-,-,1
362,190000,01/05/2023,-,-,-,-,1
282,650000,01/05/2023,283,028,1490,-,1
1318,500000,01/05/2023,100,-,-,-,1
1351,900000,01/05/2023,1446,-,-,-,1
1723,750000,01/05/2023,630,1965,247,1635,1
327,1000000,01/05/2023,1020,460,-,-,1
2035,300000,01/05/2023,321,-,-,-,0
1962,6000000,01/05/2023,2374,-,-,-,1
2325,3500000,01/05/2023,1238,1402,1650,889,1
1627,2000000,01/05/2023,746,162,2018,-,1
401,1200000,01/05/2023,947,-,-,-,1
2369,2500000,01/05/2023,146,054,-,-,1
1787,4000000,01/05/2023,797,2232,1380,-,1
183,400000,01/05/2023,1654,2294,1648,-,1
549,100000,01/05/2023,1390,-,-,-,1
1738,600000,01/05/2023,1739,1893,2410,1803,0
1358,300000,01/05/2023,163,481,012,-,1
1801,1000000,01/05/2023,393,442,868,600,1
710,900000,01/05/2023,622,998,677,-,1
826,500000,01/05/2023,514,825,-,926,1
1878,200000,01/05/2023,2086,1185,1876,-,1
1357,4000000,01/05/2023,17,-,-,-,1
1039,250000,01/05/2023,720,1781,-,-,1
1145,320000,01/05/2023,635,-,-,-,1
2394,2000000,01/05/2023,1026,-,-,-,1
1796,290000,01/05/2023,2376,2373,1446,-,1
099,300000,01/05/2023,087,-,-,-,0
1292,4000000,01/05/2023,018,038,100,-,1
1912,380000,01/05/2023,017,-,-,-,0
121,150000,01/05/2023,2375,-,-,-,0
2243,180000,01/05/2023,-,-,-,-,1
2362,80000,01/05/2023,-,-,-,-,1
2391,50000,01/05/2023,-,-,-,-,0
1640,250000,01/05/2023,-,-,-,-,1
2254,3000000,01/05/2023,-,-,-,-,1
1087,1200000,01/05/2023,-,-,-,-,0
1539,22000,01/05/2023,-,-,,-,1
1035,100000,01/05/2023,-,-,-,-,1
813,150000,01/05/2023,-,-,-,-,1
1942,100000,01/05/2023,-,-,-,-,1
1700,200000,01/05/2023,-,-,-,-,0
363,100000,01/05/2023,-,-,-,-,1
128,300000,01/05/2023,-,-,-,-,1
2388,100000,01/06/2023,2463,-,-,-,1
873,500000,01/06/2023,1751,-,-,-,0
1374,200000,01/06/2023,001,-,-,-,0
785,700000,01/06/2023,028,-,-,-,1
1481,1200000,01/06/2023,1482,-,-,-,0
1823,600000,01/06/2023,1217,1216,-,-,1
407,490000,01/06/2023,1035,655,-,-,1
2247,450000,01/06/2023,578,2249,-,-,1
820,480000,01/06/2023,868,869,-,-,1
2014,60000,01/06/2023,378,156,-,-,1
850,250000,01/06/2023,556,1013,-,-,0
1728,400000,01/06/2023,997,539,-,-,1
516,700000,01/06/2023,1035,736,-,-,1
1202,300000,01/06/2023,1873,-,-,-,1
2178,1970000,01/06/2023,784,1968,-,-,1
1891,4800000,01/06/2023,2374,-,-,-,1
366,3000000,01/06/2023,2275,2433,-,-,1
126,240000,01/06/2023,2359,2357,924,-,1
1813,590000,01/06/2023,1893,1438,734,-,1
028,5000000,01/06/2023,554,313,870,-,1
506,500000,01/06/2023,2182,545,642,-,1
622,600000,01/06/2023,1322,982,-,-,1
2468,70000,01/06/2023,181,182,-,-,0
1753,550000,01/06/2023,415,2630,2203,-,1
774,500000,01/06/2023,483,1137,-,-,1
744,220000,01/06/2023,494,512,1500,-,1
1441,300000,01/06/2023,1893,2292,2484,-,1
456,5000000,01/06/2023,941,1221,2143,317,1
1953,340000,01/06/2023,1192,1393,1036,246,1
825,1300000,01/06/2023,1385,514,926,1043,1
1120,1300000,01/06/2023,2384,812,847,1416,1
2143,2000000,01/06/2023,2335,317,1967,154,1
790,500000,01/06/2023,2055,819,-,-,1
2422,100000,01/06/2023,2453,-,-,-,1
899,1700000,01/06/2023,1389,520,966,-,1
972,3400000,01/06/2023,040,001,-,-,1
090,720000,01/06/2023,2191,2190,-,-,1
973,390000,01/06/2023,-,-,-,-,1
2234,130000,01/06/2023,-,-,-,-,0
839,300000,01/06/2023,1304,2499,1517,-,1
1595,170000,01/06/2023,006,-,-,-,1
044,1000000,01/06/2023,017,-,-,-,1
1885,150000,01/06/2023,-,-,-,-,0
569,800000,01/06/2023,-,-,-,-,1
1402,1500000,01/06/2023,-,-,-,-,1
963,120000,01/06/2023,-,-,-,-,0
1228,1300000,01/06/2023,558,566,146,284,1
1432,60000,01/06/2023,-,-,-,-,1
623,960000,01/06/2023,539,146,1117,-,1
2251,83000,01/06/2023,-,-,-,-,1
258,200000,01/06/2023,-,-,-,-,0
1902,770000,01/06/2023,-,-,-,-,0
1844,115000,01/06/2023,-,-,-,-,1
2400,200000,01/06/2023,-,-,-,-,0
2275,300000,01/06/2023,-,-,-,-,0
1000,70000,01/06/2023,-,-,-,-,0
003,500000,01/06/2023,-,-,-,-,1
068,300000,01/07/2023,1027,1035,1373,-,1
2322,600000,01/07/2023,2533,018,-,-,0
2000,1200000,01/07/2023,235,1458,-,-,1
867,1200000,01/07/2023,1434,842,1305,-,1
030,5000000,01/07/2023,1139,207,025,-,1
1933,180000,01/07/2023,142,-,-,-,0
2540,50000,01/07/2023,-,-,-,-,0
1009,970000,01/07/2023,1646,1026,845,1185,1
784,820000,01/07/2023,012,1967,1201,-,1
2397,1800000,01/07/2023,076,713,1913,2044,1
864,5500000,01/07/2023,631,1969,988,1968,1
208,250000,01/07/2023,682,-,-,-,0
1109,50000,01/07/2023,-,-,-,-,1
2410,400000,01/07/2023,2438,2415,2395,-,1
224,200000,01/07/2023,2473,-,-,-,1
1112,300000,01/07/2023,-,-,-,-,1
2155,800000,01/07/2023,1698,142,-,-,1
1445,700000,01/07/2023,-,-,-,-,0
733,870000,01/07/2023,-,-,-,-,1
2025,200000,01/07/2023,2156,406,613,1101,1
177,800000,01/07/2023,1074,1791,1536,-,1
1017,150000,01/07/2023,2265,-,-,-,0
1907,1000000,01/07/2023,223,1256,-,-,1
1547,300000,01/07/2023,869,246,-,-,1
562,1800000,01/07/2023,-,-,-,-,0
2204,3000000,01/07/2023,1958,-,-,-,1
175,250000,01/07/2023,-,-,-,-,1
314,1000000,01/07/2023,221,1293,1470,-,1
1217,400000,01/07/2023,1216,2473,-,-,1
797,25000000,01/07/2023,262,1787,321,2056,1
2331,1000000,01/07/2023,1221,2400,1597,-,1
060,3500000,01/07/2023,144,-,-,-,1
2478,350000,01/07/2023,1069,1373,1451,-,1
1868,190000,01/07/2023,1867,262,982,-,1
1608,800000,01/07/2023,1221,-,-,-,1
582,2800000,01/07/2023,514,2335,071,-,1
697,1300000,01/07/2023,962,995,-,-,1
805,1500000,01/07/2023,-,-,-,-,1
912,90000,01/07/2023,576,486,487,-,1
1879,600000,01/07/2023,47,1727,2434,-,1
2482,100000,01/07/2023,-,-,-,-,0
249,300000,01/07/2023,-,-,-,-,1
2208,60000,01/07/2023,-,-,-,-,1
016,3000000,01/07/2023,017,-,-,-,1
1713,750000,01/08/2023,-,-,,-,1
1398,1500000,01/08/2023,-,-,-,-,1
822,150000,01/08/2023,-,-,-,-,1
2379,50000,01/08/2023,-,-,-,-,0
1839,300000,01/08/2023,087,-,-,-,1
2148,2400000,01/08/2023,109,112,-,-,1
1074,440000,01/08/2023,929,914,-,-,1
2381,300000,01/08/2023,1869,321,-,-,0
2349,550000,01/08/2023,1727,321,-,-,1
194,350000,01/08/2023,1342,154,-,-,1
2298,410000,01/08/2023,2297,1243,1327,-,1
542,300000,01/08/2023,1328,1243,1327,-,1
1592,18000000,01/08/2023,1594,1593,1325,-,1
193,330000,01/08/2023,2265,172,1679,-,1
2623,1000000,01/08/2023,2622,2027,2505,-,1
740,3000000,01/08/2023,703,1270,098,333,0
1782,900000,01/08/2023,293,1765,2055,2162,1
849,1000000,01/08/2023,812,2384,313,509,1
1442,700000,01/08/2023,1235,203,1944,1990,1
283,600000,01/08/2023,282,1490,849,812,1
1081,4500000,01/08/2023,142,230,1080,1470,1
668,1030000,01/08/2023,1932,1931,1805,-,1
1760,10000000,01/08/2023,631,1649,969,864,1
1325,12000000,01/08/2023,767,905,822,574,1
1295,3000000,01/08/2023,100,1371,959,1020,1
260,1000000,01/08/2023,290,-,-,-,1
1236,4000000,01/08/2023,001,337,-,-,1
2496,600000,01/08/2023,1942,1781,2301,-,1
1894,300000,01/08/2023,-,-,-,-,1
258,40000,01/08/2023,-,-,-,-,1
1088,4000000,01/08/2023,2400,231,162,1688,1
1660,200000,01/08/2023,2510,142,-,-,1
2467,220000,01/08/2023,563,1035,-,-,1
1904,600000,01/08/2023,1325,1659,-,-,1
394,120000,01/08/2023,-,-,-,-,1
1380,500000,01/08/2023,2232,1787,1381,-,1
2375,350000,01/08/2023,1191,494,893,1137,1
1016,600000,01/08/2023,1389,966,520,-,1
1536,500000,01/08/2023,1665,1903,937,-,1
1625,100000,01/08/2023,-,-,-,-,0
1641,70000,01/08/2023,853,063,-,-,1
303,30000,01/08/2023,-,-,-,-,1
398,1000000,01/08/2023,-,-,-,-,1
1605,200000,01/08/2023,-,-,-,-,1
340,2000000,01/08/2023,017,003,-,-,1
110,2000000,01/08/2023,017,-,-,-,1
956,2000000,01/08/2023,959,-,-,-,1
2249,50000,01/08/2023,-,-,-,-,1
1403,100000,01/08/2023,-,-,-,-,1
1067,800000,01/08/2023,099,1517,,,0
2254,4000000,01/08/2023,-,-,-,-,1
2548,50000,01/08/2023,2613,-,-,-,1
963,250000,01/08/2023,-,-,-,-,0
2129,100000,01/08/2023,-,-,-,-,1
531,300000,01/08/2023,-,-,-,-,0
1330,200000,01/08/2023,-,-,-,-,1
130,1300000,01/08/2023,-,-,-,-,1
142,300000,01/08/2023,-,-,-,-,1
1670,150000,01/08/2023,-,-,-,-,1
1276,155000,01/08/2023,-,-,-,-,1
1040,120000,01/08/2023,-,-,-,-,1
2374,7000000,01/08/2023,-,-,-,-,1
1445,1000000,01/08/2023,-,-,-,-,1
1268,46000,01/09/2023,685,-,-,-,1
2050,100000,01/09/2023,827,707,-,-,0
2271,180000,01/09/2023,318,2036,2042,-,1
792,180000,01/09/2023,1973,13000,-,-,1
2137,200000,01/09/2023,443,-,-,-,1
1416,200000,01/09/2023,2385,2482,-,-,1
2370,250000,01/09/2023,2290,-,-,-,1
1512,295000,01/09/2023,728,768,-,-,1
043,350000,01/09/2023,893,1137,-,-,1
1082,400000,01/09/2023,1070,2082,-,-,1
1576,400000,01/09/2023,396,-,-,-,1
232,400000,01/09/2023,001,-,-,-,1
2533,500000,01/09/2023,1942,1102,-,-,1
2124,500000,01/09/2023,313,870,-,-,1
590,700000,01/09/2023,585,107,1124,1185,1
1117,770000,01/09/2023,537,2110,146,-,1
159,1000000,01/09/2023,001,-,-,-,1
1692,1500000,01/09/2023,1102,614,-,-,1
520,2500000,01/09/2023,2751,1389,966,-,1
502,3000000,01/09/2023,293,614,-,-,1
160,3000000,01/09/2023,017,-,-,-,1
1688,4000000,01/09/2023,2317,2187,1496,017,1
554,550000,01/09/2023,2347,869,-,-,1
2275,4500000,01/09/2023,2433,1697,531,-,1
1665,1000000,01/09/2023,615,2210,-,-,1
438,1500000,01/09/2023,1219,021,020,-,1
908,400000,01/09/2023,914,-,-,-,0
1703,100000,01/09/2023,982,-,-,-,1
1445,1000000,01/09/2023,-,-,-,-,1
801,250000,01/09/2023,-,-,-,-,1
2066,110000,01/09/2023,-,-,-,-,1
737,120000,01/09/2023,-,-,-,-,0
593,500000,01/09/2023,-,-,-,-,0
2543,100000,01/09/2023,1697,-,-,-,1
1893,180000,01/09/2023,-,-,-,-,1
2373,35000,01/09/2023,251,-,-,-,1
682,200000,01/09/2023,-,-,-,-,0
360,1000000,01/09/2023,-,-,-,-,1
1797,100000,01/09/2023,933,-,-,-,1
1045,3000000,01/09/2023,040,-,-,-,1
1794,140000,01/09/2023,-,-,-,-,0
616,280000,01/09/2023,-,-,-,-,0
2613,400000,01/09/2023,2444,2534,-,-,1
929,100000,01/09/2023,-,-,-,-,1
2434,20000,01/09/2023,-,-,-,-,1
2417,900000,01/09/2023,1087,-,-,-,1
2474,85000,01/09/2023,-,-,-,-,1
660,200000,01/09/2023,-,-,-,-,1
041,100000,01/09/2023,-,-,-,-,1
682,200000,01/09/2023,-,-,-,-,0
096,4000000,01/09/2023,017,-,-,-,1
1533,350000,01/10/2023,-,-,-,-,1
1551,200000,01/10/2023,-,-,-,-,1
1810,2000000,01/10/2023,-,-,-,-,1
2497,100000,01/10/2023,-,-,-,-,1
2583,80000,01/10/2023,-,-,-,-,0
181,1500000,01/10/2023,182,1613,949,-,1
1151,300000,01/10/2023,2362,1582,2378,768,1
1836,500000,01/10/2023,-,-,-,-,1
1904,600000,01/10/2023,767,2740,-,-,1
747,500000,01/10/2023,017,-,-,-,1
303,30000,01/10/2023,-,-,-,-,1
1940,270000,01/10/2023,1705,1909,2101,-,1
936,200000,01/10/2023,-,-,-,-,0
2477,100000,01/10/2023,1430,2484,-,-,1
072,600000,01/10/2023,-,-,-,-,1
293,4000000,01/10/2023,682,2117,025,-,1
1982,1000000,01/10/2023,941,2335,-,-,1
1967,2500000,01/10/2023,784,012,251,018,1
2347,1000000,01/10/2023,2227,918,2451,1958,1
2588,2000000,01/10/2023,456,154,156,1342,1
2482,900000,01/10/2023,313,1416,-,-,1
1913,1265000,01/10/2023,1318,1429,1787,-,1
345,1200000,01/10/2023,123,-,-,-,1
1902,1500000,01/10/2023,001,-,-,-,1
2343,245000,01/10/2023,1621,-,-,-,1
993,590000,01/10/2023,700,-,-,-,1
2300,365000,01/10/2023,2004,1541,-,-,1
1319,250000,01/10/2023,1048,-,-,-,1
1000,130000,01/10/2023,-,-,-,-,1
2500,100000,01/10/2023,2540,-,-,-,1
348,900000,01/10/2023,1089,-,-,-,1
2210,2000000,01/10/2023,1903,1536,2787,-,1
099,500000,01/10/2023,087,900,1839,-,1
1062,350000,01/10/2023,-,-,-,-,1
1806,200000,01/10/2023,1487,998,-,-,1
726,45000,01/10/2023,-,-,-,-,0
1869,100000,01/10/2023,-,-,-,-,0
2443,150000,01/10/2023,1686,923,1123,-,1
1610,178000,01/10/2023,853,430,2304,-,1
2402,1300000,01/10/2023,313,2384,153,-,1
979,320000,01/10/2023,251,-,-,-,0
2125,215000,01/10/2023,2440,-,-,-,1
1855,500000,01/10/2023,-,-,-,-,1
223,150000,01/10/2023,976,1256,-,-,1
2433,150000,01/10/2023,-,-,-,-,1
2587,300000,01/10/2023,-,-,-,-,1
2404,40000,01/10/2023,-,-,-,-,0
164,1100000,01/10/2023,262,-,-,-,1
112,550000,01/10/2023,262,-,-,-,1
2560,200000,01/10/2023,2484,1430,-,-,1
034,550000,01/10/2023,2367,-,-,-,1
1184,260000,01/10/2023,1393,1996,2131,-,1
893,50000,01/10/2023,-,-,-,-,1
2190,650000,01/10/2023,090,182,-,-,1
1594,6000000,01/10/2023,1592,1593,-,-,1
162,2000000,01/10/2023,746,1564,017,-,1
2622,600000,01/10/2023,988,688,2027,-,1
2614,120000,01/10/2023,2540,-,-,-,0
2542,15000000,01/10/2023,556,1046,1013,1011,1
2635,50000,01/10/2023,-,-,-,-,1
2428,80000,01/11/2023,1430,-,-,-,1
2437,100000,01/11/2023,-,-,-,-,1
2156,100000,01/11/2023,2652,-,-,-,1
2292,120000,01/11/2023,2752,765,-,-,1
2371,200000,01/11/2023,2540,780,071,-,1
2359,200000,01/11/2023,2639,746,-,-,1
1746,200000,01/11/2023,823,-,-,-,1
1119,200000,01/11/2023,1600,1518,-,-,1
2188,250000,01/11/2023,2474,072,-,-,1
2631,260000,01/11/2023,2663,338,-,-,1
1469,300000,01/11/2023,1881,2652,1101,613,1
268,300000,01/11/2023,1506,-,-,-,1
2055,300000,01/11/2023,790,-,-,-,1
2160,230000,01/11/2023,1380,772,-,-,1
1322,350000,01/11/2023,1323,539,-,-,1
1712,350000,01/11/2023,107,516,420,-,1
2430,400000,01/11/2023,505,2484,2522,-,1
635,400000,01/11/2023,1582,996,982,-,1
817,410000,01/11/2023,2299,-,-,-,1
092,460000,01/11/2023,963,-,-,-,1
2463,494000,01/11/2023,2471,1384,2419,-,1
1997,550000,01/11/2023,1087,1764,-,-,1
795,480000,01/11/2023,822,2027,396,2185,1
1938,500000,01/11/2023,2232,2640,-,-,1
771,600000,01/11/2023,1413,2545,2456,-,1
2545,350000,01/11/2023,473,-,-,-,1
1617,600000,01/11/2023,142,1004,-,-,1
2263,600000,01/11/2023,1252,2871,1444,-,1
1955,600000,01/11/2023,746,-,-,-,0
592,600000,01/11/2023,-,-,-,-,1
1507,600000,01/11/2023,-,-,-,-,1
1256,800000,01/11/2023,142,1616,-,-,1
1695,960000,01/11/2023,2587,077,-,-,1
389,1000000,01/11/2023,585,390,920,-,1
1454,1000000,01/11/2023,962,324,-,-,1
2383,670000,01/11/2023,2565,2639,-,-,1
724,1000000,01/11/2023,-,-,-,-,1
1652,1000000,01/11/2023,329,123,-,-,1
1238,1200000,01/11/2023,2473,682,1216,-,1
13,1500000,01/11/2023,015,1386,081,1364,1
2106,2000000,01/11/2023,109,262,-,-,1
225,2000000,01/11/2023,2400,004,-,-,1
483,2000000,01/11/2023,-,-,-,-,1
593,2090000,01/11/2023,1043,1415,926,677,1
214,2500000,01/11/2023,017,-,-,-,1
2369,2500000,01/11/2023,146,054,284,-,1
1250,3000000,01/11/2023,1785,022,962,-,1
321,3000000,01/11/2023,2230,2056,2232,-,1
277,4000000,01/11/2023,276,179,017,-,1
2187,5000000,01/11/2023,2317,231,-,-,1
172,4000000,01/11/2023,1195,-,-,-,1
1381,8000000,01/11/2023,2549,1386,423,2232,1
1439,31500,01/11/2023,-,-,-,-,1
191,10000000,01/11/2023,750,1606,-,-,1
1274,2000000,01/11/2023,812,286,313,076,1
818,400000,01/11/2023,295,2258,-,-,1
1010,700000,01/11/2023,1400,040,,,1
2540,55000,01/11/2023,-,-,-,-,1
1192,200000,01/11/2023,-,-,-,-,0
2692,30000,01/11/2023,-,-,-,-,1
098,2000000,01/11/2023,,,,,1
2181,60000,01/11/2023,1840,-,-,-,1
1551,100000,01/11/2023,-,-,-,-,1
537,150000,01/11/2023,-,-,-,-,1
783,70000,01/11/2023,-,-,-,-,1
2635,50000,01/11/2023,-,-,-,-,1
2339,80000,01/11/2023,-,-,-,-,1
963,100000,01/11/2023,-,-,-,-,0
1778,300000,01/11/2023,839,032,-,-,1
278,500000,01/11/2023,-,-,-,-,1
995,680000,01/11/2023,-,-,-,-,1
2269,1000000,01/11/2023,941,-,-,-,1
2795,60000,01/11/2023,-,-,-,-,1
2565,150000,01/11/2023,-,-,-,-,1
024,440000,01/11/2023,-,-,-,-,1
2306,150000,01/11/2023,2590,1803,-,-,1
2192,700000,01/11/2023,789,040,006,-,1
1655,5000000,01/11/2023,073,145,025,-,1
1143,110000,01/11/2023,-,-,-,-,1
2567,250000,01/11/2023,-,-,-,-,1
2139,182000,01/12/2023,-,-,-,-,1
443,200000,01/12/2023,-,-,-,-,1
526,900000,01/12/2023,-,-,-,-,1
967,150000,01/12/2023,2365,-,-,-,1
866,800000,01/12/2023,1552,-,-,-,1
2376,150000,01/12/2023,2442,-,-,-,1
2131,155000,01/12/2023,669,-,-,-,1
246,120000,01/12/2023,1996,-,-,-,1
2379,150000,01/12/2023,-,-,-,-,1
1223,300000,01/12/2023,708,-,-,-,1
2570,210000,01/12/2023,2570,-,-,-,1
1102,250000,01/12/2023,146,284,-,-,1
1017,200000,01/12/2023,2265,-,-,-,1
2050,190000,01/12/2023,827,707,-,-,1
2174,240000,01/12/2023,249,2074,783,343,1
1635,340000,01/12/2023,453,-,-,-,1
919,300000,01/12/2023,145,1967,-,-,1
594,300000,01/12/2023,780,077,-,-,1
1957,200000,01/12/2023,2378,2635,-,-,1
1845,300000,01/12/2023,1801,994,-,-,1
1616,400000,01/12/2023,1256,142,-,-,1
1004,400000,01/12/2023,142,1256,1617,-,1
1934,400000,01/12/2023,2096,613,-,-,1
2537,450000,01/12/2023,1043,1534,1996,926,1
2234,200000,01/12/2023,154,071,-,-,1
2128,500000,01/12/2023,2232,2230,-,-,1
949,500000,01/12/2023,182,1810,215,-,1
1628,800000,01/12/2023,2326,-,-,-,1
2279,800000,01/12/2023,2499,-,-,-,1
2322,800000,01/12/2023,018,683,-,-,1
1342,1000000,01/12/2023,154,156,-,-,1
1882,1000000,01/12/2023,1440,1713,-,-,1
1355,1800000,01/12/2023,018,651,-,-,1
233,1900000,01/12/2023,017,-,-,-,1
2698,3000000,01/12/2023,249,2761,017,-,1
962,5000000,01/12/2023,1148,058,1606,-,1
808,8000000,01/12/2023,2593,2756,021,2754,1
109,10000000,01/12/2023,081,262,-,-,1
012,1600000,01/12/2023,017,-,-,-,1
703,1000000,01/12/2023,-,-,-,-,1
1889,50000,01/12/2023,-,-,-,-,1
1040,100000,01/12/2023,-,-,-,-,1
568,120000,01/12/2023,-,-,-,-,1
1433,450000,01/12/2023,-,-,-,-,1
2399,200000,01/12/2023,-,-,-,-,1
105,200000,01/12/2023,-,-,-,-,0
371,1800000,01/12/2023,370,017,-,-,1
941,5000000,01/12/2023,804,2335,-,-,1
2057,50000,01/12/2023,-,-,-,-,1
2583,150000,01/12/2023,-,-,-,-,0
1669,79000,01/12/2023,-,-,-,-,1
2690,53000,01/12/2023,-,-,-,-,1
2157,100000,01/12/2023,-,-,-,-,1
908,200000,01/12/2023,-,-,-,-,0
2407,300000,01/12/2023,1966,2408,-,-,1
338,500000,01/12/2023,142,071,-,-,1
1888,600000,01/12/2023,1435,-,-,-,1
735,800000,01/12/2023,2412,905,-,-,1
1930,260000,01/12/2023,845,1137,-,-,1
1783,450000,01/12/2023,974,-,-,-,1
967,150000,01/12/2023,2365,-,-,-,1
460,1000000,01/12/2023,2321,-,-,-,1
1396,300000,01/12/2023,2632,-,-,-,1
1661,390000,01/12/2023,-,-,-,-,1
2297,149100,01/12/2023,2296,-,-,-,1
682,1000000,01/12/2023,-,-,-,-,1
207,3000000,01/12/2023,030,025,-,-,1